"First Name","Last Name","ssn"
"Alina","Richardson","964170664"
"Frederick","Dixon","757630763"
"Spike","Moore","659816386"
"Jessica","Perry","135821766"
"Madaline","Myers","972560494"
"Carina","Sullivan","157004408"
"Spike","Smith","336941416"
"Hailey","Payne","229449672"
"Adrianna","Reed","406419707"
"George","Riley","712653400"
"Alina","Riley","139296103"
"Sarah","Carroll","266215894"
"Adele","Reed","434165656"
"Brad","Martin","009891621"
"Audrey","Phillips","658224569"
"Alexander","Miller","540582595"
"Julia","Wells","651096403"
"Jordan","Scott","500732399"
"Mary","Higgins","966131520"
"Oscar","Carroll","652201962"
"Hailey","Hill","315639502"
"Brooke","Davis","651372547"
"Jacob","Kelley","147617331"
"Julia","Evans","187044994"
"Jenna","Barrett","170257362"
"Natalie","Wright","806039381"
"Valeria","Thomas","869127210"
"Dominik","Kelley","708226926"
"Alexander","Hill","191378407"
"Isabella","Gibson","884008245"
"Dexter","Murphy","814091349"
"Lucy","Thompson","913336015"
"Valeria","Miller","275987336"
"Eleanor","Mitchell","063999770"
"Anna","Barnes","493897305"
"Steven","Brooks","570273042"
"Vanessa","Miller","820083423"
"Julian","Armstrong","820206640"
"Charlie","Russell","567147949"
"Brooke","Thomas","779438821"
"Henry","Grant","223770026"
"Alan","Murray","667803818"
"Richard","Bailey","743519747"
"Robert","Robinson","328147667"
"Kimberly","Richards","432879053"
"Adison","Murray","992013397"
"Amelia","Harrison","089410352"
"Vincent","Morris","199209904"
"Lydia","Thompson","725193708"
"Daisy","Kelley","004063607"
"Edwin","Walker","010166981"
"Lilianna","Richardson","394376073"
"Edward","Thompson","985611664"
"Frederick","Rogers","779570735"
"Ryan","Cunningham","111005424"
"Belinda","Williams","269996446"
"Marcus","Bailey","559014107"
"Amelia","Hall","737666279"
"Carl","Casey","058407865"
"Jared","Mason","921100638"
"Ada","Mitchell","746098831"
"Andrew","Miller","269075658"
"Maximilian","Alexander","576283456"
"Haris","Carroll","884830884"
"Miley","Harper","488229869"
"Evelyn","Hunt","408214037"
"Deanna","Ferguson","105053258"
"Roland","Spencer","987257149"
"Violet","Lloyd","487150729"
"John","Edwards","579016760"
"Victor","Wright","155860769"
"Joyce","Perry","206481096"
"Jenna","Owens","400721391"
"Victoria","Murphy","132106178"
"James","Phillips","703190686"
"Walter","Cooper","942739733"
"Myra","Carroll","447991727"
"Chester","Rogers","714476795"
"Naomi","Rogers","758183839"
"Kimberly","Carroll","330700570"
"Julia","Watson","750288921"
"Grace","Armstrong","775440796"
"Cherry","Farrell","203235430"
"Arianna","Baker","343640975"
"Kelvin","Phillips","662606319"
"Robert","Alexander","931098947"
"Luke","Sullivan","902502194"
"Kevin","Bennett","619788743"
"Naomi","Watson","277180765"
"Olivia","Thomas","890333458"
"Elian","Murphy","653209170"
"Alisa","Dixon","979175866"
"Alexia","Williams","784643304"
"Lenny","Tucker","194299782"
"Lydia","Craig","479108376"
"Dexter","Barrett","871659295"
"Edward","Andrews","128661975"
"Preston","Tucker","416985891"
"Clark","Thomas","349679975"
"Rafael","Perkins","764657092"
"Fiona","Carter","472985114"
"Sabrina","Spencer","009825821"
"Lyndon","Ryan","241292682"
"Jasmine","Thomas","359414286"
"Preston","Clark","158868274"
"Charlie","Dixon","489871559"
"Ashton","Holmes","072170348"
"Natalie","Carroll","856246401"
"Emma","Scott","002820349"
"Cadie","Alexander","376526471"
"Catherine","Moore","722757186"
"Arianna","Thompson","677751414"
"Mary","Hawkins","822934190"
"Alissa","Russell","509804365"
"Lenny","Moore","469483117"
"Jack","Murphy","302257502"
"Thomas","Barnes","962543079"
"Sophia","Higgins","738670480"
"Hailey","Reed","162022049"
"Daisy","Evans","467887030"
"Ted","Farrell","229234950"
"Paige","Bailey","290462792"
"Ryan","Rogers","665054078"
"Rubie","Hamilton","103043883"
"Rebecca","Harper","912642055"
"Rafael","Sullivan","022535376"
"Frederick","Smith","513068447"
"Tara","Turner","780216805"
"Dominik","Ferguson","464145633"
"Frederick","West","920608616"
"Robert","Mason","490990251"
"Jenna","Williams","687268601"
"Aston","Henderson","726911291"
"Alissa","Carter","712517937"
"Frederick","Barnes","350280141"
"Fenton","Rogers","197827160"
"Wilson","Baker","411028122"
"Elise","Elliott","577879670"
"Harold","Scott","532076374"
"Brad","Richards","339994784"
"Ned","Martin","249175145"
"Byron","Harper","124515199"
"Jack","Chapman","906382298"
"George","Dixon","199395438"
"Daniel","Fowler","783300777"
"Kate","Hill","059586973"
"David","Johnston","055611619"
"Stuart","Watson","588846525"
"Olivia","Ellis","294956790"
"Amy","Ellis","681710810"
"Richard","Campbell","045054339"
"Aiden","Kelley","126401921"
"Camila","Stewart","989536953"
"Oliver","Hawkins","613269453"
"Miranda","Murphy","062669467"
"Ted","Montgomery","310733369"
"Haris","Wright","899419475"
"Frederick","Murray","745790924"
"Alan","Hunt","502341742"
"Darcy","Jones","765652940"
"Adele","Phillips","638458038"
"Reid","Edwards","680919479"
"Honey","Cunningham","084898113"
"Martin","Russell","066515541"
"Sofia","Owens","811014362"
"Lilianna","Allen","989834334"
"Aldus","Wells","211434233"
"Carl","Ellis","389718315"
"Vincent","Morrison","313696244"
"Madaline","Johnson","806852180"
"Leonardo","Wright","534446578"
"Adrian","Higgins","397767288"
"Ryan","Taylor","986837859"
"Kirsten","Ellis","875406272"
"Lily","Carroll","103955562"
"Sophia","Casey","047334522"
"Sydney","Morrison","475846012"
"Paul","Alexander","190949862"
"Victoria","Stewart","791078329"
"Valeria","Cameron","441277592"
"Jack","Gray","471821854"
"Ada","Gray","459843485"
"Melanie","Clark","828870600"
"Naomi","Clark","716195114"
"Lily","Harper","429351970"
"Florrie","Mason","342054036"
"Honey","Walker","080600376"
"Spike","Payne","652725685"
"Caroline","Richardson","575351932"
"Sophia","Montgomery","035748560"
"Myra","Wells","618541501"
"Haris","Thomas","111396161"
"Daryl","Foster","383275620"
"Agata","Rogers","257036548"
"Ned","Wilson","603941009"
"Patrick","Cooper","447253014"
"Maya","Ferguson","220038991"
"Joyce","Anderson","693084197"
"Tara","Howard","746139341"
"Ellia","Davis","483264858"
